Domain Code,Domain,Area Code,Area,Element Code,Element,Item Code,Item,Year Code,Year,Unit,Value,Flag,Flag Description
"QC","Crops","2","Afghanistan","5510","Production","56","Maize","1990","1990","tonnes","480000","","Official data"
"QC","Crops","2","Afghanistan","5510","Production","79","Millet","1990","1990","tonnes","26000","F","FAO estimate"
"QC","Crops","2","Afghanistan","5510","Production","27","Rice, paddy","1990","1990","tonnes","333000","","Official data"
"QC","Crops","2","Afghanistan","5510","Production","156","Sugar cane","1990","1990","tonnes","55000","","Official data"
"QC","Crops","2","Afghanistan","5510","Production","15","Wheat","1990","1990","tonnes","1650000","","Official data"
"QC","Crops","3","Albania","5510","Production","56","Maize","1990","1990","tonnes","227000","","Official data"
"QC","Crops","3","Albania","5510","Production","27","Rice, paddy","1990","1990","tonnes","7000","","Official data"
"QC","Crops","3","Albania","5510","Production","15","Wheat","1990","1990","tonnes","613000","","Official data"
"QC","Crops","4","Algeria","5510","Production","486","Bananas","1990","1990","tonnes","","M","Data not available"
"QC","Crops","4","Algeria","5510","Production","56","Maize","1990","1990","tonnes","231","","Official data"
"QC","Crops","4","Algeria","5510","Production","27","Rice, paddy","1990","1990","tonnes","1540","F","FAO estimate"
"QC","Crops","4","Algeria","5510","Production","15","Wheat","1990","1990","tonnes","750080","","Official data"
"QC","Crops","7","Angola","5510","Production","486","Bananas","1990","1990","tonnes","270000","F","FAO estimate"
"QC","Crops","7","Angola","5510","Production","656","Coffee, green","1990","1990","tonnes","5000","","Official data"
"QC","Crops","7","Angola","5510","Production","56","Maize","1990","1990","tonnes","180000","","Official data"
"QC","Crops","7","Angola","5510","Production","79","Millet","1990","1990","tonnes","63000","","Official data"
"QC","Crops","7","Angola","5510","Production","27","Rice, paddy","1990","1990","tonnes","3000","","Official data"
"QC","Crops","7","Angola","5510","Production","156","Sugar cane","1990","1990","tonnes","270000","F","FAO estimate"
"QC","Crops","7","Angola","5510","Production","15","Wheat","1990","1990","tonnes","2500","","Official data"
"QC","Crops","8","Antigua and Barbuda","5510","Production","486","Bananas","1990","1990","tonnes","120","F","FAO estimate"
"QC","Crops","8","Antigua and Barbuda","5510","Production","56","Maize","1990","1990","tonnes","50","F","FAO estimate"
"QC","Crops","8","Antigua and Barbuda","5510","Production","156","Sugar cane","1990","1990","tonnes","0","","Official data"
"QC","Crops","9","Argentina","5510","Production","486","Bananas","1990","1990","tonnes","200558","","Official data"
"QC","Crops","9","Argentina","5510","Production","56","Maize","1990","1990","tonnes","5400000","","Official data"
"QC","Crops","9","Argentina","5510","Production","79","Millet","1990","1990","tonnes","65300","","Official data"
"QC","Crops","9","Argentina","5510","Production","27","Rice, paddy","1990","1990","tonnes","428100","","Official data"
"QC","Crops","9","Argentina","5510","Production","156","Sugar cane","1990","1990","tonnes","15700000","F","FAO estimate"
"QC","Crops","9","Argentina","5510","Production","15","Wheat","1990","1990","tonnes","10055700","","Official data"
"QC","Crops","10","Australia","5510","Production","486","Bananas","1990","1990","tonnes","180290","","Official data"
"QC","Crops","10","Australia","5510","Production","56","Maize","1990","1990","tonnes","218730","","Official data"
"QC","Crops","10","Australia","5510","Production","79","Millet","1990","1990","tonnes","39289","","Official data"
"QC","Crops","10","Australia","5510","Production","27","Rice, paddy","1990","1990","tonnes","924000","","Official data"
"QC","Crops","10","Australia","5510","Production","156","Sugar cane","1990","1990","tonnes","24369936","","Official data"
"QC","Crops","10","Australia","5510","Production","15","Wheat","1990","1990","tonnes","15066100","","Official data"
"QC","Crops","11","Austria","5510","Production","56","Maize","1990","1990","tonnes","1620237","","Official data"
"QC","Crops","11","Austria","5510","Production","79","Millet","1990","1990","tonnes","0","","Official data"
"QC","Crops","11","Austria","5510","Production","15","Wheat","1990","1990","tonnes","1404468","","Official data"
"QC","Crops","12","Bahamas","5510","Production","486","Bananas","1990","1990","tonnes","5500","F","FAO estimate"
"QC","Crops","12","Bahamas","5510","Production","56","Maize","1990","1990","tonnes","750","F","FAO estimate"
"QC","Crops","12","Bahamas","5510","Production","156","Sugar cane","1990","1990","tonnes","60000","F","FAO estimate"
"QC","Crops","13","Bahrain","5510","Production","486","Bananas","1990","1990","tonnes","710","F","FAO estimate"
"QC","Crops","16","Bangladesh","5510","Production","486","Bananas","1990","1990","tonnes","623670","","Official data"
"QC","Crops","16","Bangladesh","5510","Production","56","Maize","1990","1990","tonnes","3350","","Official data"
"QC","Crops","16","Bangladesh","5510","Production","79","Millet","1990","1990","tonnes","62915","","Official data"
"QC","Crops","16","Bangladesh","5510","Production","27","Rice, paddy","1990","1990","tonnes","26777904","","Official data"
"QC","Crops","16","Bangladesh","5510","Production","836","Rubber, natural","1990","1990","tonnes","1300","*","Unofficial figure"
"QC","Crops","16","Bangladesh","5510","Production","156","Sugar cane","1990","1990","tonnes","7423345","","Official data"
"QC","Crops","16","Bangladesh","5510","Production","15","Wheat","1990","1990","tonnes","890000","","Official data"
"QC","Crops","14","Barbados","5510","Production","486","Bananas","1990","1990","tonnes","750","F","FAO estimate"
"QC","Crops","14","Barbados","5510","Production","56","Maize","1990","1990","tonnes","2300","F","FAO estimate"
"QC","Crops","14","Barbados","5510","Production","156","Sugar cane","1990","1990","tonnes","606000","","Official data"
"QC","Crops","15","Belgium-Luxembourg","5510","Production","56","Maize","1990","1990","tonnes","55700","","Official data"
"QC","Crops","15","Belgium-Luxembourg","5510","Production","15","Wheat","1990","1990","tonnes","1339516","","Official data"
"QC","Crops","23","Belize","5510","Production","486","Bananas","1990","1990","tonnes","25487","","Official data"
"QC","Crops","23","Belize","5510","Production","656","Coffee, green","1990","1990","tonnes","","M","Data not available"
"QC","Crops","23","Belize","5510","Production","56","Maize","1990","1990","tonnes","18671","","Official data"
"QC","Crops","23","Belize","5510","Production","27","Rice, paddy","1990","1990","tonnes","4614","","Official data"
"QC","Crops","23","Belize","5510","Production","156","Sugar cane","1990","1990","tonnes","1089205","","Official data"
"QC","Crops","53","Benin","5510","Production","486","Bananas","1990","1990","tonnes","13675","Im","FAO data based on imputation methodology"
"QC","Crops","53","Benin","5510","Production","656","Coffee, green","1990","1990","tonnes","120","*","Unofficial figure"
"QC","Crops","53","Benin","5510","Production","56","Maize","1990","1990","tonnes","409994","","Official data"
"QC","Crops","53","Benin","5510","Production","79","Millet","1990","1990","tonnes","21767","","Official data"
"QC","Crops","53","Benin","5510","Production","27","Rice, paddy","1990","1990","tonnes","10940","","Official data"
"QC","Crops","53","Benin","5510","Production","156","Sugar cane","1990","1990","tonnes","27173","","Official data"
"QC","Crops","18","Bhutan","5510","Production","486","Bananas","1990","1990","tonnes","","M","Data not available"
"QC","Crops","18","Bhutan","5510","Production","56","Maize","1990","1990","tonnes","40000","","Official data"
"QC","Crops","18","Bhutan","5510","Production","79","Millet","1990","1990","tonnes","8338","Im","FAO data based on imputation methodology"
"QC","Crops","18","Bhutan","5510","Production","27","Rice, paddy","1990","1990","tonnes","55157","Im","FAO data based on imputation methodology"
"QC","Crops","18","Bhutan","5510","Production","156","Sugar cane","1990","1990","tonnes","12300","F","FAO estimate"
"QC","Crops","18","Bhutan","5510","Production","15","Wheat","1990","1990","tonnes","5000","","Official data"
"QC","Crops","19","Bolivia (Plurinational State of)","5510","Production","486","Bananas","1990","1990","tonnes","138000","F","FAO estimate"
"QC","Crops","19","Bolivia (Plurinational State of)","5510","Production","656","Coffee, green","1990","1990","tonnes","24378","","Official data"
"QC","Crops","19","Bolivia (Plurinational State of)","5510","Production","56","Maize","1990","1990","tonnes","390952","","Official data"
"QC","Crops","19","Bolivia (Plurinational State of)","5510","Production","27","Rice, paddy","1990","1990","tonnes","211263","","Official data"
"QC","Crops","19","Bolivia (Plurinational State of)","5510","Production","836","Rubber, natural","1990","1990","tonnes","7500","F","FAO estimate"
"QC","Crops","19","Bolivia (Plurinational State of)","5510","Production","156","Sugar cane","1990","1990","tonnes","3880186","","Official data"
"QC","Crops","19","Bolivia (Plurinational State of)","5510","Production","15","Wheat","1990","1990","tonnes","54480","","Official data"
"QC","Crops","20","Botswana","5510","Production","56","Maize","1990","1990","tonnes","11800","","Official data"
"QC","Crops","20","Botswana","5510","Production","79","Millet","1990","1990","tonnes","1650","","Official data"
"QC","Crops","20","Botswana","5510","Production","15","Wheat","1990","1990","tonnes","1000","","Official data"
"QC","Crops","21","Brazil","5510","Production","486","Bananas","1990","1990","tonnes","5725830","","Official data"
"QC","Crops","21","Brazil","5510","Production","656","Coffee, green","1990","1990","tonnes","1464856","","Official data"
"QC","Crops","21","Brazil","5510","Production","56","Maize","1990","1990","tonnes","21347770","","Official data"
"QC","Crops","21","Brazil","5510","Production","27","Rice, paddy","1990","1990","tonnes","7420931","","Official data"
"QC","Crops","21","Brazil","5510","Production","836","Rubber, natural","1990","1990","tonnes","24284","","Official data"
"QC","Crops","21","Brazil","5510","Production","156","Sugar cane","1990","1990","tonnes","262674144","","Official data"
"QC","Crops","21","Brazil","5510","Production","15","Wheat","1990","1990","tonnes","3093791","","Official data"
"QC","Crops","26","Brunei Darussalam","5510","Production","486","Bananas","1990","1990","tonnes","788","Im","FAO data based on imputation methodology"
"QC","Crops","26","Brunei Darussalam","5510","Production","27","Rice, paddy","1990","1990","tonnes","930","","Official data"
"QC","Crops","26","Brunei Darussalam","5510","Production","836","Rubber, natural","1990","1990","tonnes","180","F","FAO estimate"
"QC","Crops","27","Bulgaria","5510","Production","56","Maize","1990","1990","tonnes","1221139","","Official data"
"QC","Crops","27","Bulgaria","5510","Production","79","Millet","1990","1990","tonnes","2500","F","FAO estimate"
"QC","Crops","27","Bulgaria","5510","Production","27","Rice, paddy","1990","1990","tonnes","25188","","Official data"
"QC","Crops","27","Bulgaria","5510","Production","15","Wheat","1990","1990","tonnes","5292233","","Official data"
"QC","Crops","233","Burkina Faso","5510","Production","56","Maize","1990","1990","tonnes","257900","","Official data"
"QC","Crops","233","Burkina Faso","5510","Production","79","Millet","1990","1990","tonnes","449000","","Official data"
"QC","Crops","233","Burkina Faso","5510","Production","27","Rice, paddy","1990","1990","tonnes","47800","","Official data"
"QC","Crops","233","Burkina Faso","5510","Production","156","Sugar cane","1990","1990","tonnes","380000","F","FAO estimate"
"QC","Crops","29","Burundi","5510","Production","486","Bananas","1990","1990","tonnes","1547000","","Official data"
"QC","Crops","29","Burundi","5510","Production","656","Coffee, green","1990","1990","tonnes","32694","","Official data"
"QC","Crops","29","Burundi","5510","Production","56","Maize","1990","1990","tonnes","167900","","Official data"
"QC","Crops","29","Burundi","5510","Production","79","Millet","1990","1990","tonnes","13100","","Official data"
"QC","Crops","29","Burundi","5510","Production","27","Rice, paddy","1990","1990","tonnes","40000","","Official data"
"QC","Crops","29","Burundi","5510","Production","156","Sugar cane","1990","1990","tonnes","87092","","Official data"
"QC","Crops","29","Burundi","5510","Production","15","Wheat","1990","1990","tonnes","8600","","Official data"
"QC","Crops","35","Cabo Verde","5510","Production","486","Bananas","1990","1990","tonnes","6000","","Official data"
"QC","Crops","35","Cabo Verde","5510","Production","656","Coffee, green","1990","1990","tonnes","50","","Official data"
"QC","Crops","35","Cabo Verde","5510","Production","56","Maize","1990","1990","tonnes","11418","","Official data"
"QC","Crops","35","Cabo Verde","5510","Production","156","Sugar cane","1990","1990","tonnes","18700","","Official data"
"QC","Crops","115","Cambodia","5510","Production","486","Bananas","1990","1990","tonnes","115000","F","FAO estimate"
"QC","Crops","115","Cambodia","5510","Production","656","Coffee, green","1990","1990","tonnes","160","F","FAO estimate"
"QC","Crops","115","Cambodia","5510","Production","56","Maize","1990","1990","tonnes","88000","","Official data"
"QC","Crops","115","Cambodia","5510","Production","27","Rice, paddy","1990","1990","tonnes","2500000","","Official data"
"QC","Crops","115","Cambodia","5510","Production","836","Rubber, natural","1990","1990","tonnes","32000","*","Unofficial figure"
"QC","Crops","115","Cambodia","5510","Production","156","Sugar cane","1990","1990","tonnes","258000","","Official data"
"QC","Crops","32","Cameroon","5510","Production","486","Bananas","1990","1990","tonnes","719100","","Official data"
"QC","Crops","32","Cameroon","5510","Production","656","Coffee, green","1990","1990","tonnes","100980","","Official data"
"QC","Crops","32","Cameroon","5510","Production","56","Maize","1990","1990","tonnes","369000","","Official data"
"QC","Crops","32","Cameroon","5510","Production","79","Millet","1990","1990","tonnes","63000","*","Unofficial figure"
"QC","Crops","32","Cameroon","5510","Production","27","Rice, paddy","1990","1990","tonnes","55199","","Official data"
"QC","Crops","32","Cameroon","5510","Production","836","Rubber, natural","1990","1990","tonnes","37222","","Official data"
"QC","Crops","32","Cameroon","5510","Production","156","Sugar cane","1990","1990","tonnes","1450000","F","FAO estimate"
"QC","Crops","32","Cameroon","5510","Production","15","Wheat","1990","1990","tonnes","381","Im","FAO data based on imputation methodology"
"QC","Crops","33","Canada","5510","Production","56","Maize","1990","1990","tonnes","7066000","","Official data"
"QC","Crops","33","Canada","5510","Production","15","Wheat","1990","1990","tonnes","32098000","","Official data"
"QC","Crops","37","Central African Republic","5510","Production","486","Bananas","1990","1990","tonnes","92000","F","FAO estimate"
"QC","Crops","37","Central African Republic","5510","Production","656","Coffee, green","1990","1990","tonnes","14314","","Official data"
"QC","Crops","37","Central African Republic","5510","Production","56","Maize","1990","1990","tonnes","51100","","Official data"
"QC","Crops","37","Central African Republic","5510","Production","79","Millet","1990","1990","tonnes","10000","","Official data"
"QC","Crops","37","Central African Republic","5510","Production","27","Rice, paddy","1990","1990","tonnes","7821","","Official data"
"QC","Crops","37","Central African Republic","5510","Production","836","Rubber, natural","1990","1990","tonnes","987","Im","FAO data based on imputation methodology"
"QC","Crops","37","Central African Republic","5510","Production","156","Sugar cane","1990","1990","tonnes","60000","F","FAO estimate"
"QC","Crops","39","Chad","5510","Production","56","Maize","1990","1990","tonnes","28823","","Official data"
"QC","Crops","39","Chad","5510","Production","79","Millet","1990","1990","tonnes","167590","","Official data"
"QC","Crops","39","Chad","5510","Production","27","Rice, paddy","1990","1990","tonnes","66027","","Official data"
"QC","Crops","39","Chad","5510","Production","156","Sugar cane","1990","1990","tonnes","301142","","Official data"
"QC","Crops","39","Chad","5510","Production","15","Wheat","1990","1990","tonnes","2100","","Official data"
"QC","Crops","40","Chile","5510","Production","56","Maize","1990","1990","tonnes","823150","","Official data"
"QC","Crops","40","Chile","5510","Production","27","Rice, paddy","1990","1990","tonnes","136012","","Official data"
"QC","Crops","40","Chile","5510","Production","15","Wheat","1990","1990","tonnes","1718214","","Official data"
"QC","Crops","351","China","5510","Production","486","Bananas","1990","1990","tonnes","1657367","A","Aggregate, may include official, semi-official, estimated or calculated data"
"QC","Crops","351","China","5510","Production","656","Coffee, green","1990","1990","tonnes","6300","A","Aggregate, may include official, semi-official, estimated or calculated data"
"QC","Crops","351","China","5510","Production","56","Maize","1990","1990","tonnes","97213883","A","Aggregate, may include official, semi-official, estimated or calculated data"
"QC","Crops","351","China","5510","Production","79","Millet","1990","1990","tonnes","4575644","A","Aggregate, may include official, semi-official, estimated or calculated data"
"QC","Crops","351","China","5510","Production","27","Rice, paddy","1990","1990","tonnes","191614680","A","Aggregate, may include official, semi-official, estimated or calculated data"
"QC","Crops","351","China","5510","Production","836","Rubber, natural","1990","1990","tonnes","264248","A","Aggregate, may include official, semi-official, estimated or calculated data"
"QC","Crops","351","China","5510","Production","156","Sugar cane","1990","1990","tonnes","63451067","A","Aggregate, may include official, semi-official, estimated or calculated data"
"QC","Crops","351","China","5510","Production","15","Wheat","1990","1990","tonnes","98231940","A","Aggregate, may include official, semi-official, estimated or calculated data"
"QC","Crops","96","China, Hong Kong SAR","5510","Production","27","Rice, paddy","1990","1990","tonnes","2","","Official data"
"QC","Crops","41","China, mainland","5510","Production","486","Bananas","1990","1990","tonnes","1455927","","Official data"
"QC","Crops","41","China, mainland","5510","Production","656","Coffee, green","1990","1990","tonnes","6300","F","FAO estimate"
"QC","Crops","41","China, mainland","5510","Production","56","Maize","1990","1990","tonnes","96819008","","Official data"
"QC","Crops","41","China, mainland","5510","Production","79","Millet","1990","1990","tonnes","4575000","","Official data"
"QC","Crops","41","China, mainland","5510","Production","27","Rice, paddy","1990","1990","tonnes","189331008","","Official data"
"QC","Crops","41","China, mainland","5510","Production","836","Rubber, natural","1990","1990","tonnes","264248","","Official data"
"QC","Crops","41","China, mainland","5510","Production","156","Sugar cane","1990","1990","tonnes","57620144","","Official data"
"QC","Crops","41","China, mainland","5510","Production","15","Wheat","1990","1990","tonnes","98229008","","Official data"
"QC","Crops","214","China, Taiwan Province of","5510","Production","486","Bananas","1990","1990","tonnes","201440","","Official data"
"QC","Crops","214","China, Taiwan Province of","5510","Production","656","Coffee, green","1990","1990","tonnes","0","","Official data"
"QC","Crops","214","China, Taiwan Province of","5510","Production","56","Maize","1990","1990","tonnes","394875","","Official data"
"QC","Crops","214","China, Taiwan Province of","5510","Production","79","Millet","1990","1990","tonnes","644","","Official data"
"QC","Crops","214","China, Taiwan Province of","5510","Production","27","Rice, paddy","1990","1990","tonnes","2283670","","Official data"
"QC","Crops","214","China, Taiwan Province of","5510","Production","156","Sugar cane","1990","1990","tonnes","5830923","","Official data"
"QC","Crops","214","China, Taiwan Province of","5510","Production","15","Wheat","1990","1990","tonnes","2932","","Official data"
"QC","Crops","44","Colombia","5510","Production","486","Bananas","1990","1990","tonnes","1243614","","Official data"
"QC","Crops","44","Colombia","5510","Production","656","Coffee, green","1990","1990","tonnes","845000","","Official data"
"QC","Crops","44","Colombia","5510","Production","56","Maize","1990","1990","tonnes","1213300","","Official data"
"QC","Crops","44","Colombia","5510","Production","27","Rice, paddy","1990","1990","tonnes","2116600","","Official data"
"QC","Crops","44","Colombia","5510","Production","836","Rubber, natural","1990","1990","tonnes","0","","Official data"
"QC","Crops","44","Colombia","5510","Production","156","Sugar cane","1990","1990","tonnes","27790736","","Official data"
"QC","Crops","44","Colombia","5510","Production","15","Wheat","1990","1990","tonnes","104800","","Official data"
"QC","Crops","45","Comoros","5510","Production","486","Bananas","1990","1990","tonnes","48392","","Official data"
"QC","Crops","45","Comoros","5510","Production","656","Coffee, green","1990","1990","tonnes","90","F","FAO estimate"
"QC","Crops","45","Comoros","5510","Production","56","Maize","1990","1990","tonnes","3570","","Official data"
"QC","Crops","45","Comoros","5510","Production","27","Rice, paddy","1990","1990","tonnes","15085","Im","FAO data based on imputation methodology"
"QC","Crops","46","Congo","5510","Production","486","Bananas","1990","1990","tonnes","34000","F","FAO estimate"
"QC","Crops","46","Congo","5510","Production","656","Coffee, green","1990","1990","tonnes","1354","","Official data"
"QC","Crops","46","Congo","5510","Production","56","Maize","1990","1990","tonnes","4627","","Official data"
"QC","Crops","46","Congo","5510","Production","79","Millet","1990","1990","tonnes","","M","Data not available"
"QC","Crops","46","Congo","5510","Production","27","Rice, paddy","1990","1990","tonnes","1387","","Official data"
"QC","Crops","46","Congo","5510","Production","836","Rubber, natural","1990","1990","tonnes","1973","Im","FAO data based on imputation methodology"
"QC","Crops","46","Congo","5510","Production","156","Sugar cane","1990","1990","tonnes","265000","F","FAO estimate"
"QC","Crops","47","Cook Islands","5510","Production","486","Bananas","1990","1990","tonnes","500","","Official data"
"QC","Crops","47","Cook Islands","5510","Production","656","Coffee, green","1990","1990","tonnes","2","","Official data"
"QC","Crops","48","Costa Rica","5510","Production","486","Bananas","1990","1990","tonnes","1740000","","Official data"
"QC","Crops","48","Costa Rica","5510","Production","656","Coffee, green","1990","1990","tonnes","151100","","Official data"
"QC","Crops","48","Costa Rica","5510","Production","56","Maize","1990","1990","tonnes","66499","","Official data"
"QC","Crops","48","Costa Rica","5510","Production","27","Rice, paddy","1990","1990","tonnes","217643","","Official data"
"QC","Crops","48","Costa Rica","5510","Production","836","Rubber, natural","1990","1990","tonnes","0","","Official data"
"QC","Crops","48","Costa Rica","5510","Production","156","Sugar cane","1990","1990","tonnes","2630000","F","FAO estimate"
"QC","Crops","107","Côte d'Ivoire","5510","Production","486","Bananas","1990","1990","tonnes","146071","","Official data"
"QC","Crops","107","Côte d'Ivoire","5510","Production","656","Coffee, green","1990","1990","tonnes","285164","","Official data"
"QC","Crops","107","Côte d'Ivoire","5510","Production","56","Maize","1990","1990","tonnes","484000","","Official data"
"QC","Crops","107","Côte d'Ivoire","5510","Production","79","Millet","1990","1990","tonnes","35177","","Official data"
"QC","Crops","107","Côte d'Ivoire","5510","Production","27","Rice, paddy","1990","1990","tonnes","687000","","Official data"
"QC","Crops","107","Côte d'Ivoire","5510","Production","836","Rubber, natural","1990","1990","tonnes","74034","","Official data"
"QC","Crops","107","Côte d'Ivoire","5510","Production","156","Sugar cane","1990","1990","tonnes","1362312","","Official data"
"QC","Crops","49","Cuba","5510","Production","486","Bananas","1990","1990","tonnes","195000","*","Unofficial figure"
"QC","Crops","49","Cuba","5510","Production","656","Coffee, green","1990","1990","tonnes","24900","*","Unofficial figure"
"QC","Crops","49","Cuba","5510","Production","56","Maize","1990","1990","tonnes","65045","","Official data"
"QC","Crops","49","Cuba","5510","Production","27","Rice, paddy","1990","1990","tonnes","473673","","Official data"
"QC","Crops","49","Cuba","5510","Production","156","Sugar cane","1990","1990","tonnes","81800000","","Official data"
"QC","Crops","50","Cyprus","5510","Production","486","Bananas","1990","1990","tonnes","8300","","Official data"
"QC","Crops","50","Cyprus","5510","Production","15","Wheat","1990","1990","tonnes","10400","","Official data"
"QC","Crops","51","Czechoslovakia","5510","Production","56","Maize","1990","1990","tonnes","468027","","Official data"
"QC","Crops","51","Czechoslovakia","5510","Production","79","Millet","1990","1990","tonnes","4900","F","FAO estimate"
"QC","Crops","51","Czechoslovakia","5510","Production","15","Wheat","1990","1990","tonnes","6706872","","Official data"
"QC","Crops","116","Democratic People's Republic of Korea","5510","Production","56","Maize","1990","1990","tonnes","4000000","F","FAO estimate"
"QC","Crops","116","Democratic People's Republic of Korea","5510","Production","79","Millet","1990","1990","tonnes","50802","Im","FAO data based on imputation methodology"
"QC","Crops","116","Democratic People's Republic of Korea","5510","Production","27","Rice, paddy","1990","1990","tonnes","1800000","","Official data"
"QC","Crops","116","Democratic People's Republic of Korea","5510","Production","15","Wheat","1990","1990","tonnes","116000","*","Unofficial figure"
"QC","Crops","250","Democratic Republic of the Congo","5510","Production","486","Bananas","1990","1990","tonnes","404790","","Official data"
"QC","Crops","250","Democratic Republic of the Congo","5510","Production","656","Coffee, green","1990","1990","tonnes","101594","","Official data"
"QC","Crops","250","Democratic Republic of the Congo","5510","Production","56","Maize","1990","1990","tonnes","1008000","","Official data"
"QC","Crops","250","Democratic Republic of the Congo","5510","Production","79","Millet","1990","1990","tonnes","34239","","Official data"
"QC","Crops","250","Democratic Republic of the Congo","5510","Production","27","Rice, paddy","1990","1990","tonnes","392300","","Official data"
"QC","Crops","250","Democratic Republic of the Congo","5510","Production","836","Rubber, natural","1990","1990","tonnes","12790","","Official data"
"QC","Crops","250","Democratic Republic of the Congo","5510","Production","156","Sugar cane","1990","1990","tonnes","1691100","","Official data"
"QC","Crops","250","Democratic Republic of the Congo","5510","Production","15","Wheat","1990","1990","tonnes","6750","","Official data"
"QC","Crops","54","Denmark","5510","Production","56","Maize","1990","1990","tonnes","","M","Data not available"
"QC","Crops","54","Denmark","5510","Production","15","Wheat","1990","1990","tonnes","3953412","","Official data"
"QC","Crops","72","Djibouti","5510","Production","56","Maize","1990","1990","tonnes","10","F","FAO estimate"
"QC","Crops","72","Djibouti","5510","Production","156","Sugar cane","1990","1990","tonnes","38","F","FAO estimate"
"QC","Crops","55","Dominica","5510","Production","486","Bananas","1990","1990","tonnes","66706","","Official data"
"QC","Crops","55","Dominica","5510","Production","656","Coffee, green","1990","1990","tonnes","178","","Official data"
"QC","Crops","55","Dominica","5510","Production","56","Maize","1990","1990","tonnes","150","F","FAO estimate"
"QC","Crops","55","Dominica","5510","Production","156","Sugar cane","1990","1990","tonnes","4500","F","FAO estimate"
"QC","Crops","56","Dominican Republic","5510","Production","486","Bananas","1990","1990","tonnes","395096","","Official data"
"QC","Crops","56","Dominican Republic","5510","Production","656","Coffee, green","1990","1990","tonnes","59377","","Official data"
"QC","Crops","56","Dominican Republic","5510","Production","56","Maize","1990","1990","tonnes","39694","","Official data"
"QC","Crops","56","Dominican Republic","5510","Production","27","Rice, paddy","1990","1990","tonnes","427597","","Official data"
"QC","Crops","56","Dominican Republic","5510","Production","836","Rubber, natural","1990","1990","tonnes","40","F","FAO estimate"
"QC","Crops","56","Dominican Republic","5510","Production","156","Sugar cane","1990","1990","tonnes","6511584","","Official data"
"QC","Crops","58","Ecuador","5510","Production","486","Bananas","1990","1990","tonnes","3054566","","Official data"
"QC","Crops","58","Ecuador","5510","Production","656","Coffee, green","1990","1990","tonnes","134980","","Official data"
"QC","Crops","58","Ecuador","5510","Production","56","Maize","1990","1990","tonnes","465399","","Official data"
"QC","Crops","58","Ecuador","5510","Production","27","Rice, paddy","1990","1990","tonnes","840361","","Official data"
"QC","Crops","58","Ecuador","5510","Production","836","Rubber, natural","1990","1990","tonnes","1715","","Official data"
"QC","Crops","58","Ecuador","5510","Production","156","Sugar cane","1990","1990","tonnes","5720897","","Official data"
"QC","Crops","58","Ecuador","5510","Production","15","Wheat","1990","1990","tonnes","29907","","Official data"
"QC","Crops","59","Egypt","5510","Production","486","Bananas","1990","1990","tonnes","415495","","Official data"
"QC","Crops","59","Egypt","5510","Production","56","Maize","1990","1990","tonnes","4798635","","Official data"
"QC","Crops","59","Egypt","5510","Production","27","Rice, paddy","1990","1990","tonnes","3167421","","Official data"
"QC","Crops","59","Egypt","5510","Production","156","Sugar cane","1990","1990","tonnes","11095262","","Official data"
"QC","Crops","59","Egypt","5510","Production","15","Wheat","1990","1990","tonnes","4268049","","Official data"
"QC","Crops","60","El Salvador","5510","Production","656","Coffee, green","1990","1990","tonnes","147200","","Official data"
"QC","Crops","60","El Salvador","5510","Production","56","Maize","1990","1990","tonnes","602609","","Official data"
"QC","Crops","60","El Salvador","5510","Production","27","Rice, paddy","1990","1990","tonnes","61691","","Official data"
"QC","Crops","60","El Salvador","5510","Production","156","Sugar cane","1990","1990","tonnes","2956500","","Official data"
"QC","Crops","61","Equatorial Guinea","5510","Production","486","Bananas","1990","1990","tonnes","15100","*","Unofficial figure"
"QC","Crops","61","Equatorial Guinea","5510","Production","656","Coffee, green","1990","1990","tonnes","6500","F","FAO estimate"
"QC","Crops","209","Eswatini","5510","Production","486","Bananas","1990","1990","tonnes","1088","Im","FAO data based on imputation methodology"
"QC","Crops","209","Eswatini","5510","Production","56","Maize","1990","1990","tonnes","104232","","Official data"
"QC","Crops","209","Eswatini","5510","Production","27","Rice, paddy","1990","1990","tonnes","3312","Im","FAO data based on imputation methodology"
"QC","Crops","209","Eswatini","5510","Production","156","Sugar cane","1990","1990","tonnes","3841798","","Official data"
"QC","Crops","209","Eswatini","5510","Production","15","Wheat","1990","1990","tonnes","1435","Im","FAO data based on imputation methodology"
"QC","Crops","62","Ethiopia PDR","5510","Production","486","Bananas","1990","1990","tonnes","78000","F","FAO estimate"
"QC","Crops","62","Ethiopia PDR","5510","Production","656","Coffee, green","1990","1990","tonnes","204000","","Official data"
"QC","Crops","62","Ethiopia PDR","5510","Production","56","Maize","1990","1990","tonnes","2055640","","Official data"
"QC","Crops","62","Ethiopia PDR","5510","Production","79","Millet","1990","1990","tonnes","152455","","Official data"
"QC","Crops","62","Ethiopia PDR","5510","Production","156","Sugar cane","1990","1990","tonnes","1650000","F","FAO estimate"
"QC","Crops","62","Ethiopia PDR","5510","Production","15","Wheat","1990","1990","tonnes","798757","","Official data"
"QC","Crops","66","Fiji","5510","Production","486","Bananas","1990","1990","tonnes","6000","F","FAO estimate"
"QC","Crops","66","Fiji","5510","Production","656","Coffee, green","1990","1990","tonnes","660","","Official data"
"QC","Crops","66","Fiji","5510","Production","56","Maize","1990","1990","tonnes","1950","","Official data"
"QC","Crops","66","Fiji","5510","Production","27","Rice, paddy","1990","1990","tonnes","26477","","Official data"
"QC","Crops","66","Fiji","5510","Production","156","Sugar cane","1990","1990","tonnes","4016000","","Official data"
"QC","Crops","67","Finland","5510","Production","15","Wheat","1990","1990","tonnes","626900","","Official data"
"QC","Crops","68","France","5510","Production","56","Maize","1990","1990","tonnes","9400500","","Official data"
"QC","Crops","68","France","5510","Production","79","Millet","1990","1990","tonnes","0","","Official data"
"QC","Crops","68","France","5510","Production","27","Rice, paddy","1990","1990","tonnes","121300","","Official data"
"QC","Crops","68","France","5510","Production","15","Wheat","1990","1990","tonnes","33345808","","Official data"
"QC","Crops","69","French Guyana","5510","Production","486","Bananas","1990","1990","tonnes","915","","Official data"
"QC","Crops","69","French Guyana","5510","Production","56","Maize","1990","1990","tonnes","0","","Official data"
"QC","Crops","69","French Guyana","5510","Production","27","Rice, paddy","1990","1990","tonnes","21649","","Official data"
"QC","Crops","69","French Guyana","5510","Production","156","Sugar cane","1990","1990","tonnes","5000","","Official data"
"QC","Crops","70","French Polynesia","5510","Production","486","Bananas","1990","1990","tonnes","440","","Official data"
"QC","Crops","70","French Polynesia","5510","Production","656","Coffee, green","1990","1990","tonnes","6","","Official data"
"QC","Crops","70","French Polynesia","5510","Production","156","Sugar cane","1990","1990","tonnes","2700","F","FAO estimate"
"QC","Crops","74","Gabon","5510","Production","486","Bananas","1990","1990","tonnes","9000","F","FAO estimate"
"QC","Crops","74","Gabon","5510","Production","656","Coffee, green","1990","1990","tonnes","269","","Official data"
"QC","Crops","74","Gabon","5510","Production","56","Maize","1990","1990","tonnes","22864","","Official data"
"QC","Crops","74","Gabon","5510","Production","27","Rice, paddy","1990","1990","tonnes","800","F","FAO estimate"
"QC","Crops","74","Gabon","5510","Production","836","Rubber, natural","1990","1990","tonnes","2000","F","FAO estimate"
"QC","Crops","74","Gabon","5510","Production","156","Sugar cane","1990","1990","tonnes","218745","","Official data"
"QC","Crops","75","Gambia","5510","Production","56","Maize","1990","1990","tonnes","13630","","Official data"
"QC","Crops","75","Gambia","5510","Production","79","Millet","1990","1990","tonnes","46890","","Official data"
"QC","Crops","75","Gambia","5510","Production","27","Rice, paddy","1990","1990","tonnes","21431","","Official data"
"QC","Crops","79","Germany","5510","Production","56","Maize","1990","1990","tonnes","1551758","","Official data"
"QC","Crops","79","Germany","5510","Production","15","Wheat","1990","1990","tonnes","15241870","","Official data"
"QC","Crops","81","Ghana","5510","Production","486","Bananas","1990","1990","tonnes","3086","Im","FAO data based on imputation methodology"
"QC","Crops","81","Ghana","5510","Production","656","Coffee, green","1990","1990","tonnes","1000","*","Unofficial figure"
"QC","Crops","81","Ghana","5510","Production","56","Maize","1990","1990","tonnes","552600","","Official data"
"QC","Crops","81","Ghana","5510","Production","79","Millet","1990","1990","tonnes","74500","","Official data"
"QC","Crops","81","Ghana","5510","Production","27","Rice, paddy","1990","1990","tonnes","80900","","Official data"
"QC","Crops","81","Ghana","5510","Production","836","Rubber, natural","1990","1990","tonnes","3600","*","Unofficial figure"
"QC","Crops","81","Ghana","5510","Production","156","Sugar cane","1990","1990","tonnes","110000","F","FAO estimate"
"QC","Crops","84","Greece","5510","Production","486","Bananas","1990","1990","tonnes","7213","","Official data"
"QC","Crops","84","Greece","5510","Production","56","Maize","1990","1990","tonnes","2013000","","Official data"
"QC","Crops","84","Greece","5510","Production","79","Millet","1990","1990","tonnes","0","","Official data"
"QC","Crops","84","Greece","5510","Production","27","Rice, paddy","1990","1990","tonnes","99000","","Official data"
"QC","Crops","84","Greece","5510","Production","15","Wheat","1990","1990","tonnes","1939000","","Official data"
"QC","Crops","86","Grenada","5510","Production","486","Bananas","1990","1990","tonnes","12000","F","FAO estimate"
"QC","Crops","86","Grenada","5510","Production","56","Maize","1990","1990","tonnes","258","","Official data"
"QC","Crops","86","Grenada","5510","Production","156","Sugar cane","1990","1990","tonnes","6500","F","FAO estimate"
"QC","Crops","87","Guadeloupe","5510","Production","486","Bananas","1990","1990","tonnes","101568","","Official data"
"QC","Crops","87","Guadeloupe","5510","Production","656","Coffee, green","1990","1990","tonnes","20","F","FAO estimate"
"QC","Crops","87","Guadeloupe","5510","Production","156","Sugar cane","1990","1990","tonnes","373530","","Official data"
"QC","Crops","89","Guatemala","5510","Production","486","Bananas","1990","1990","tonnes","454215","","Official data"
"QC","Crops","89","Guatemala","5510","Production","656","Coffee, green","1990","1990","tonnes","202400","","Official data"
"QC","Crops","89","Guatemala","5510","Production","56","Maize","1990","1990","tonnes","1272240","","Official data"
"QC","Crops","89","Guatemala","5510","Production","27","Rice, paddy","1990","1990","tonnes","44427","","Official data"
"QC","Crops","89","Guatemala","5510","Production","836","Rubber, natural","1990","1990","tonnes","18080","","Official data"
"QC","Crops","89","Guatemala","5510","Production","156","Sugar cane","1990","1990","tonnes","9603100","","Official data"
"QC","Crops","89","Guatemala","5510","Production","15","Wheat","1990","1990","tonnes","32033","","Official data"
"QC","Crops","90","Guinea","5510","Production","486","Bananas","1990","1990","tonnes","121231","","Official data"
"QC","Crops","90","Guinea","5510","Production","656","Coffee, green","1990","1990","tonnes","30000","","Official data"
"QC","Crops","90","Guinea","5510","Production","56","Maize","1990","1990","tonnes","111175","F","FAO estimate"
"QC","Crops","90","Guinea","5510","Production","79","Millet","1990","1990","tonnes","99760","F","FAO estimate"
"QC","Crops","90","Guinea","5510","Production","27","Rice, paddy","1990","1990","tonnes","740035","F","FAO estimate"
"QC","Crops","90","Guinea","5510","Production","836","Rubber, natural","1990","1990","tonnes","1500","F","FAO estimate"
"QC","Crops","90","Guinea","5510","Production","156","Sugar cane","1990","1990","tonnes","225000","F","FAO estimate"
"QC","Crops","175","Guinea-Bissau","5510","Production","486","Bananas","1990","1990","tonnes","3000","F","FAO estimate"
"QC","Crops","175","Guinea-Bissau","5510","Production","56","Maize","1990","1990","tonnes","13675","","Official data"
"QC","Crops","175","Guinea-Bissau","5510","Production","79","Millet","1990","1990","tonnes","17435","","Official data"
"QC","Crops","175","Guinea-Bissau","5510","Production","27","Rice, paddy","1990","1990","tonnes","123314","","Official data"
"QC","Crops","175","Guinea-Bissau","5510","Production","836","Rubber, natural","1990","1990","tonnes","0","","Official data"
"QC","Crops","175","Guinea-Bissau","5510","Production","156","Sugar cane","1990","1990","tonnes","5500","F","FAO estimate"
"QC","Crops","91","Guyana","5510","Production","486","Bananas","1990","1990","tonnes","12700","","Official data"
"QC","Crops","91","Guyana","5510","Production","656","Coffee, green","1990","1990","tonnes","300","*","Unofficial figure"
"QC","Crops","91","Guyana","5510","Production","56","Maize","1990","1990","tonnes","3000","","Official data"
"QC","Crops","91","Guyana","5510","Production","27","Rice, paddy","1990","1990","tonnes","155740","","Official data"
"QC","Crops","91","Guyana","5510","Production","156","Sugar cane","1990","1990","tonnes","2700000","*","Unofficial figure"
"QC","Crops","93","Haiti","5510","Production","486","Bananas","1990","1990","tonnes","235000","*","Unofficial figure"
"QC","Crops","93","Haiti","5510","Production","656","Coffee, green","1990","1990","tonnes","37200","","Official data"
"QC","Crops","93","Haiti","5510","Production","56","Maize","1990","1990","tonnes","163000","*","Unofficial figure"
"QC","Crops","93","Haiti","5510","Production","27","Rice, paddy","1990","1990","tonnes","129900","","Official data"
"QC","Crops","93","Haiti","5510","Production","156","Sugar cane","1990","1990","tonnes","1500000","F","FAO estimate"
"QC","Crops","95","Honduras","5510","Production","486","Bananas","1990","1990","tonnes","1045718","","Official data"
"QC","Crops","95","Honduras","5510","Production","656","Coffee, green","1990","1990","tonnes","119784","","Official data"
"QC","Crops","95","Honduras","5510","Production","56","Maize","1990","1990","tonnes","557969","","Official data"
"QC","Crops","95","Honduras","5510","Production","27","Rice, paddy","1990","1990","tonnes","43970","","Official data"
"QC","Crops","95","Honduras","5510","Production","156","Sugar cane","1990","1990","tonnes","2897863","","Official data"
"QC","Crops","95","Honduras","5510","Production","15","Wheat","1990","1990","tonnes","750","F","FAO estimate"
"QC","Crops","97","Hungary","5510","Production","56","Maize","1990","1990","tonnes","4500144","","Official data"
"QC","Crops","97","Hungary","5510","Production","79","Millet","1990","1990","tonnes","10086","","Official data"
"QC","Crops","97","Hungary","5510","Production","27","Rice, paddy","1990","1990","tonnes","39356","","Official data"
"QC","Crops","97","Hungary","5510","Production","15","Wheat","1990","1990","tonnes","6198256","","Official data"
"QC","Crops","100","India","5510","Production","486","Bananas","1990","1990","tonnes","7153000","","Official data"
"QC","Crops","100","India","5510","Production","656","Coffee, green","1990","1990","tonnes","118100","","Official data"
"QC","Crops","100","India","5510","Production","56","Maize","1990","1990","tonnes","8961700","","Official data"
"QC","Crops","100","India","5510","Production","79","Millet","1990","1990","tonnes","10423800","","Official data"
"QC","Crops","100","India","5510","Production","27","Rice, paddy","1990","1990","tonnes","111517408","","Official data"
"QC","Crops","100","India","5510","Production","836","Rubber, natural","1990","1990","tonnes","297300","","Official data"
"QC","Crops","100","India","5510","Production","156","Sugar cane","1990","1990","tonnes","225569200","","Official data"
"QC","Crops","100","India","5510","Production","15","Wheat","1990","1990","tonnes","49849504","","Official data"
"QC","Crops","101","Indonesia","5510","Production","486","Bananas","1990","1990","tonnes","2410999","","Official data"
"QC","Crops","101","Indonesia","5510","Production","656","Coffee, green","1990","1990","tonnes","412767","","Official data"
"QC","Crops","101","Indonesia","5510","Production","56","Maize","1990","1990","tonnes","6734028","","Official data"
"QC","Crops","101","Indonesia","5510","Production","27","Rice, paddy","1990","1990","tonnes","45178752","","Official data"
"QC","Crops","101","Indonesia","5510","Production","836","Rubber, natural","1990","1990","tonnes","1275295","","Official data"
"QC","Crops","101","Indonesia","5510","Production","156","Sugar cane","1990","1990","tonnes","27979632","","Official data"
"QC","Crops","102","Iran (Islamic Republic of)","5510","Production","486","Bananas","1990","1990","tonnes","2951","","Official data"
"QC","Crops","102","Iran (Islamic Republic of)","5510","Production","56","Maize","1990","1990","tonnes","130000","F","FAO estimate"
"QC","Crops","102","Iran (Islamic Republic of)","5510","Production","79","Millet","1990","1990","tonnes","13000","F","FAO estimate"
"QC","Crops","102","Iran (Islamic Republic of)","5510","Production","27","Rice, paddy","1990","1990","tonnes","1981019","","Official data"
"QC","Crops","102","Iran (Islamic Republic of)","5510","Production","156","Sugar cane","1990","1990","tonnes","1658987","","Official data"
"QC","Crops","102","Iran (Islamic Republic of)","5510","Production","15","Wheat","1990","1990","tonnes","8011675","","Official data"
"QC","Crops","103","Iraq","5510","Production","56","Maize","1990","1990","tonnes","171900","","Official data"
"QC","Crops","103","Iraq","5510","Production","79","Millet","1990","1990","tonnes","1000","","Official data"
"QC","Crops","103","Iraq","5510","Production","27","Rice, paddy","1990","1990","tonnes","228800","","Official data"
"QC","Crops","103","Iraq","5510","Production","156","Sugar cane","1990","1990","tonnes","71300","","Official data"
"QC","Crops","103","Iraq","5510","Production","15","Wheat","1990","1990","tonnes","1195800","","Official data"
"QC","Crops","104","Ireland","5510","Production","15","Wheat","1990","1990","tonnes","598000","","Official data"
"QC","Crops","105","Israel","5510","Production","486","Bananas","1990","1990","tonnes","57500","","Official data"
"QC","Crops","105","Israel","5510","Production","56","Maize","1990","1990","tonnes","95630","*","Unofficial figure"
"QC","Crops","105","Israel","5510","Production","15","Wheat","1990","1990","tonnes","291200","","Official data"
"QC","Crops","106","Italy","5510","Production","486","Bananas","1990","1990","tonnes","440","","Official data"
"QC","Crops","106","Italy","5510","Production","56","Maize","1990","1990","tonnes","5863900","","Official data"
"QC","Crops","106","Italy","5510","Production","27","Rice, paddy","1990","1990","tonnes","1290700","","Official data"
"QC","Crops","106","Italy","5510","Production","15","Wheat","1990","1990","tonnes","8108500","","Official data"
"QC","Crops","109","Jamaica","5510","Production","486","Bananas","1990","1990","tonnes","127660","","Official data"
"QC","Crops","109","Jamaica","5510","Production","656","Coffee, green","1990","1990","tonnes","1560","*","Unofficial figure"
"QC","Crops","109","Jamaica","5510","Production","56","Maize","1990","1990","tonnes","2161","","Official data"
"QC","Crops","109","Jamaica","5510","Production","27","Rice, paddy","1990","1990","tonnes","220","","Official data"
"QC","Crops","109","Jamaica","5510","Production","156","Sugar cane","1990","1990","tonnes","2491000","","Official data"
"QC","Crops","110","Japan","5510","Production","486","Bananas","1990","1990","tonnes","691","*","Unofficial figure"
"QC","Crops","110","Japan","5510","Production","56","Maize","1990","1990","tonnes","807","Im","FAO data based on imputation methodology"
"QC","Crops","110","Japan","5510","Production","79","Millet","1990","1990","tonnes","1300","*","Unofficial figure"
"QC","Crops","110","Japan","5510","Production","27","Rice, paddy","1990","1990","tonnes","13124000","","Official data"
"QC","Crops","110","Japan","5510","Production","156","Sugar cane","1990","1990","tonnes","1983000","","Official data"
"QC","Crops","110","Japan","5510","Production","15","Wheat","1990","1990","tonnes","951500","","Official data"
"QC","Crops","112","Jordan","5510","Production","486","Bananas","1990","1990","tonnes","18903","","Official data"
"QC","Crops","112","Jordan","5510","Production","56","Maize","1990","1990","tonnes","3734","","Official data"
"QC","Crops","112","Jordan","5510","Production","79","Millet","1990","1990","tonnes","","M","Data not available"
"QC","Crops","112","Jordan","5510","Production","15","Wheat","1990","1990","tonnes","82870","","Official data"
"QC","Crops","114","Kenya","5510","Production","486","Bananas","1990","1990","tonnes","840000","F","FAO estimate"
"QC","Crops","114","Kenya","5510","Production","656","Coffee, green","1990","1990","tonnes","103900","","Official data"
"QC","Crops","114","Kenya","5510","Production","56","Maize","1990","1990","tonnes","2289600","","Official data"
"QC","Crops","114","Kenya","5510","Production","79","Millet","1990","1990","tonnes","62786","","Official data"
"QC","Crops","114","Kenya","5510","Production","27","Rice, paddy","1990","1990","tonnes","41088","","Official data"
"QC","Crops","114","Kenya","5510","Production","156","Sugar cane","1990","1990","tonnes","4750000","F","FAO estimate"
"QC","Crops","114","Kenya","5510","Production","15","Wheat","1990","1990","tonnes","249411","","Official data"
"QC","Crops","83","Kiribati","5510","Production","486","Bananas","1990","1990","tonnes","4000","F","FAO estimate"
"QC","Crops","118","Kuwait","5510","Production","486","Bananas","1990","1990","tonnes","0","","Official data"
"QC","Crops","118","Kuwait","5510","Production","56","Maize","1990","1990","tonnes","580","F","FAO estimate"
"QC","Crops","118","Kuwait","5510","Production","15","Wheat","1990","1990","tonnes","50","F","FAO estimate"
"QC","Crops","120","Lao People's Democratic Republic","5510","Production","486","Bananas","1990","1990","tonnes","14000","F","FAO estimate"
"QC","Crops","120","Lao People's Democratic Republic","5510","Production","656","Coffee, green","1990","1990","tonnes","5204","","Official data"
"QC","Crops","120","Lao People's Democratic Republic","5510","Production","56","Maize","1990","1990","tonnes","66566","","Official data"
"QC","Crops","120","Lao People's Democratic Republic","5510","Production","27","Rice, paddy","1990","1990","tonnes","1491495","","Official data"
"QC","Crops","120","Lao People's Democratic Republic","5510","Production","156","Sugar cane","1990","1990","tonnes","96360","","Official data"
"QC","Crops","121","Lebanon","5510","Production","486","Bananas","1990","1990","tonnes","46000","F","FAO estimate"
"QC","Crops","121","Lebanon","5510","Production","56","Maize","1990","1990","tonnes","2900","F","FAO estimate"
"QC","Crops","121","Lebanon","5510","Production","156","Sugar cane","1990","1990","tonnes","2475","","Official data"
"QC","Crops","121","Lebanon","5510","Production","15","Wheat","1990","1990","tonnes","52000","F","FAO estimate"
"QC","Crops","122","Lesotho","5510","Production","56","Maize","1990","1990","tonnes","171579","","Official data"
"QC","Crops","122","Lesotho","5510","Production","15","Wheat","1990","1990","tonnes","33162","","Official data"
"QC","Crops","123","Liberia","5510","Production","486","Bananas","1990","1990","tonnes","70000","F","FAO estimate"
"QC","Crops","123","Liberia","5510","Production","656","Coffee, green","1990","1990","tonnes","1600","*","Unofficial figure"
"QC","Crops","123","Liberia","5510","Production","27","Rice, paddy","1990","1990","tonnes","180000","F","FAO estimate"
"QC","Crops","123","Liberia","5510","Production","836","Rubber, natural","1990","1990","tonnes","40000","*","Unofficial figure"
"QC","Crops","123","Liberia","5510","Production","156","Sugar cane","1990","1990","tonnes","210000","F","FAO estimate"
"QC","Crops","124","Libya","5510","Production","486","Bananas","1990","1990","tonnes","0","","Official data"
"QC","Crops","124","Libya","5510","Production","56","Maize","1990","1990","tonnes","400","","Official data"
"QC","Crops","124","Libya","5510","Production","79","Millet","1990","1990","tonnes","1900","","Official data"
"QC","Crops","124","Libya","5510","Production","15","Wheat","1990","1990","tonnes","128760","","Official data"
"QC","Crops","129","Madagascar","5510","Production","486","Bananas","1990","1990","tonnes","225000","F","FAO estimate"
"QC","Crops","129","Madagascar","5510","Production","656","Coffee, green","1990","1990","tonnes","85000","","Official data"
"QC","Crops","129","Madagascar","5510","Production","56","Maize","1990","1990","tonnes","155000","","Official data"
"QC","Crops","129","Madagascar","5510","Production","27","Rice, paddy","1990","1990","tonnes","2420000","","Official data"
"QC","Crops","129","Madagascar","5510","Production","156","Sugar cane","1990","1990","tonnes","2000000","","Official data"
"QC","Crops","129","Madagascar","5510","Production","15","Wheat","1990","1990","tonnes","5000","*","Unofficial figure"
"QC","Crops","130","Malawi","5510","Production","486","Bananas","1990","1990","tonnes","89000","F","FAO estimate"
"QC","Crops","130","Malawi","5510","Production","656","Coffee, green","1990","1990","tonnes","6180","*","Unofficial figure"
"QC","Crops","130","Malawi","5510","Production","56","Maize","1990","1990","tonnes","1342809","","Official data"
"QC","Crops","130","Malawi","5510","Production","79","Millet","1990","1990","tonnes","10113","","Official data"
"QC","Crops","130","Malawi","5510","Production","27","Rice, paddy","1990","1990","tonnes","43280","","Official data"
"QC","Crops","130","Malawi","5510","Production","156","Sugar cane","1990","1990","tonnes","1790000","F","FAO estimate"
"QC","Crops","130","Malawi","5510","Production","15","Wheat","1990","1990","tonnes","1639","","Official data"
"QC","Crops","131","Malaysia","5510","Production","486","Bananas","1990","1990","tonnes","505000","*","Unofficial figure"
"QC","Crops","131","Malaysia","5510","Production","656","Coffee, green","1990","1990","tonnes","7215","","Official data"
"QC","Crops","131","Malaysia","5510","Production","56","Maize","1990","1990","tonnes","35000","*","Unofficial figure"
"QC","Crops","131","Malaysia","5510","Production","27","Rice, paddy","1990","1990","tonnes","1884984","","Official data"
"QC","Crops","131","Malaysia","5510","Production","836","Rubber, natural","1990","1990","tonnes","1291500","","Official data"
"QC","Crops","131","Malaysia","5510","Production","156","Sugar cane","1990","1990","tonnes","1300000","F","FAO estimate"
"QC","Crops","132","Maldives","5510","Production","486","Bananas","1990","1990","tonnes","1350","*","Unofficial figure"
"QC","Crops","132","Maldives","5510","Production","56","Maize","1990","1990","tonnes","4","*","Unofficial figure"
"QC","Crops","132","Maldives","5510","Production","79","Millet","1990","1990","tonnes","2","*","Unofficial figure"
"QC","Crops","133","Mali","5510","Production","486","Bananas","1990","1990","tonnes","44182","Im","FAO data based on imputation methodology"
"QC","Crops","133","Mali","5510","Production","56","Maize","1990","1990","tonnes","196579","","Official data"
"QC","Crops","133","Mali","5510","Production","79","Millet","1990","1990","tonnes","737007","","Official data"
"QC","Crops","133","Mali","5510","Production","27","Rice, paddy","1990","1990","tonnes","282366","","Official data"
"QC","Crops","133","Mali","5510","Production","156","Sugar cane","1990","1990","tonnes","308882","","Official data"
"QC","Crops","133","Mali","5510","Production","15","Wheat","1990","1990","tonnes","2066","","Official data"
"QC","Crops","134","Malta","5510","Production","15","Wheat","1990","1990","tonnes","4900","F","FAO estimate"
"QC","Crops","135","Martinique","5510","Production","486","Bananas","1990","1990","tonnes","245980","","Official data"
"QC","Crops","135","Martinique","5510","Production","656","Coffee, green","1990","1990","tonnes","0","","Official data"
"QC","Crops","135","Martinique","5510","Production","156","Sugar cane","1990","1990","tonnes","205801","","Official data"
"QC","Crops","136","Mauritania","5510","Production","56","Maize","1990","1990","tonnes","2408","","Official data"
"QC","Crops","136","Mauritania","5510","Production","79","Millet","1990","1990","tonnes","3324","","Official data"
"QC","Crops","136","Mauritania","5510","Production","27","Rice, paddy","1990","1990","tonnes","51796","","Official data"
"QC","Crops","136","Mauritania","5510","Production","15","Wheat","1990","1990","tonnes","560","F","FAO estimate"
"QC","Crops","137","Mauritius","5510","Production","486","Bananas","1990","1990","tonnes","6135","","Official data"
"QC","Crops","137","Mauritius","5510","Production","656","Coffee, green","1990","1990","tonnes","0","F","FAO estimate"
"QC","Crops","137","Mauritius","5510","Production","56","Maize","1990","1990","tonnes","2265","","Official data"
"QC","Crops","137","Mauritius","5510","Production","27","Rice, paddy","1990","1990","tonnes","19","Im","FAO data based on imputation methodology"
"QC","Crops","137","Mauritius","5510","Production","156","Sugar cane","1990","1990","tonnes","5548291","","Official data"
"QC","Crops","138","Mexico","5510","Production","486","Bananas","1990","1990","tonnes","1986394","","Official data"
"QC","Crops","138","Mexico","5510","Production","656","Coffee, green","1990","1990","tonnes","440000","","Official data"
"QC","Crops","138","Mexico","5510","Production","56","Maize","1990","1990","tonnes","14635439","","Official data"
"QC","Crops","138","Mexico","5510","Production","79","Millet","1990","1990","tonnes","5","","Official data"
"QC","Crops","138","Mexico","5510","Production","27","Rice, paddy","1990","1990","tonnes","394388","","Official data"
"QC","Crops","138","Mexico","5510","Production","836","Rubber, natural","1990","1990","tonnes","22574","","Official data"
"QC","Crops","138","Mexico","5510","Production","156","Sugar cane","1990","1990","tonnes","39919368","","Official data"
"QC","Crops","138","Mexico","5510","Production","15","Wheat","1990","1990","tonnes","3930934","","Official data"
"QC","Crops","141","Mongolia","5510","Production","15","Wheat","1990","1990","tonnes","596200","","Official data"
"QC","Crops","143","Morocco","5510","Production","486","Bananas","1990","1990","tonnes","50900","","Official data"
"QC","Crops","143","Morocco","5510","Production","56","Maize","1990","1990","tonnes","435620","","Official data"
"QC","Crops","143","Morocco","5510","Production","79","Millet","1990","1990","tonnes","5200","F","FAO estimate"
"QC","Crops","143","Morocco","5510","Production","27","Rice, paddy","1990","1990","tonnes","3340","","Official data"
"QC","Crops","143","Morocco","5510","Production","156","Sugar cane","1990","1990","tonnes","1019080","","Official data"
"QC","Crops","143","Morocco","5510","Production","15","Wheat","1990","1990","tonnes","3613890","","Official data"
"QC","Crops","144","Mozambique","5510","Production","486","Bananas","1990","1990","tonnes","85000","F","FAO estimate"
"QC","Crops","144","Mozambique","5510","Production","656","Coffee, green","1990","1990","tonnes","937","Im","FAO data based on imputation methodology"
"QC","Crops","144","Mozambique","5510","Production","56","Maize","1990","1990","tonnes","452911","","Official data"
"QC","Crops","144","Mozambique","5510","Production","79","Millet","1990","1990","tonnes","6862","Im","FAO data based on imputation methodology"
"QC","Crops","144","Mozambique","5510","Production","27","Rice, paddy","1990","1990","tonnes","96355","","Official data"
"QC","Crops","144","Mozambique","5510","Production","156","Sugar cane","1990","1990","tonnes","331569","","Official data"
"QC","Crops","144","Mozambique","5510","Production","15","Wheat","1990","1990","tonnes","6862","Im","FAO data based on imputation methodology"
"QC","Crops","28","Myanmar","5510","Production","656","Coffee, green","1990","1990","tonnes","1378","","Official data"
"QC","Crops","28","Myanmar","5510","Production","56","Maize","1990","1990","tonnes","187024","","Official data"
"QC","Crops","28","Myanmar","5510","Production","79","Millet","1990","1990","tonnes","126448","","Official data"
"QC","Crops","28","Myanmar","5510","Production","27","Rice, paddy","1990","1990","tonnes","13971800","","Official data"
"QC","Crops","28","Myanmar","5510","Production","836","Rubber, natural","1990","1990","tonnes","14805","","Official data"
"QC","Crops","28","Myanmar","5510","Production","156","Sugar cane","1990","1990","tonnes","1930700","","Official data"
"QC","Crops","28","Myanmar","5510","Production","15","Wheat","1990","1990","tonnes","124167","","Official data"
"QC","Crops","147","Namibia","5510","Production","56","Maize","1990","1990","tonnes","28523","","Official data"
"QC","Crops","147","Namibia","5510","Production","79","Millet","1990","1990","tonnes","58000","","Official data"
"QC","Crops","147","Namibia","5510","Production","15","Wheat","1990","1990","tonnes","4425","","Official data"
"QC","Crops","149","Nepal","5510","Production","486","Bananas","1990","1990","tonnes","46350","F","FAO estimate"
"QC","Crops","149","Nepal","5510","Production","656","Coffee, green","1990","1990","tonnes","","M","Data not available"
"QC","Crops","149","Nepal","5510","Production","56","Maize","1990","1990","tonnes","1230950","","Official data"
"QC","Crops","149","Nepal","5510","Production","79","Millet","1990","1990","tonnes","231630","","Official data"
"QC","Crops","149","Nepal","5510","Production","27","Rice, paddy","1990","1990","tonnes","3502160","","Official data"
"QC","Crops","149","Nepal","5510","Production","156","Sugar cane","1990","1990","tonnes","988300","","Official data"
"QC","Crops","149","Nepal","5510","Production","15","Wheat","1990","1990","tonnes","854960","","Official data"
"QC","Crops","150","Netherlands","5510","Production","56","Maize","1990","1990","tonnes","30000","F","FAO estimate"
"QC","Crops","150","Netherlands","5510","Production","15","Wheat","1990","1990","tonnes","1076000","","Official data"
"QC","Crops","153","New Caledonia","5510","Production","486","Bananas","1990","1990","tonnes","800","F","FAO estimate"
"QC","Crops","153","New Caledonia","5510","Production","656","Coffee, green","1990","1990","tonnes","300","","Official data"
"QC","Crops","153","New Caledonia","5510","Production","56","Maize","1990","1990","tonnes","1064","","Official data"
"QC","Crops","153","New Caledonia","5510","Production","15","Wheat","1990","1990","tonnes","150","","Official data"
"QC","Crops","156","New Zealand","5510","Production","56","Maize","1990","1990","tonnes","161651","","Official data"
"QC","Crops","156","New Zealand","5510","Production","15","Wheat","1990","1990","tonnes","188042","","Official data"
"QC","Crops","157","Nicaragua","5510","Production","486","Bananas","1990","1990","tonnes","109860","","Official data"
"QC","Crops","157","Nicaragua","5510","Production","656","Coffee, green","1990","1990","tonnes","27996","","Official data"
"QC","Crops","157","Nicaragua","5510","Production","56","Maize","1990","1990","tonnes","293030","","Official data"
"QC","Crops","157","Nicaragua","5510","Production","27","Rice, paddy","1990","1990","tonnes","120890","*","Unofficial figure"
"QC","Crops","157","Nicaragua","5510","Production","156","Sugar cane","1990","1990","tonnes","2391600","","Official data"
"QC","Crops","158","Niger","5510","Production","56","Maize","1990","1990","tonnes","1758","","Official data"
"QC","Crops","158","Niger","5510","Production","79","Millet","1990","1990","tonnes","1765532","","Official data"
"QC","Crops","158","Niger","5510","Production","27","Rice, paddy","1990","1990","tonnes","72260","","Official data"
"QC","Crops","158","Niger","5510","Production","156","Sugar cane","1990","1990","tonnes","97100","*","Unofficial figure"
"QC","Crops","158","Niger","5510","Production","15","Wheat","1990","1990","tonnes","13000","","Official data"
"QC","Crops","159","Nigeria","5510","Production","656","Coffee, green","1990","1990","tonnes","3030","","Official data"
"QC","Crops","159","Nigeria","5510","Production","56","Maize","1990","1990","tonnes","5768000","","Official data"
"QC","Crops","159","Nigeria","5510","Production","79","Millet","1990","1990","tonnes","5136000","","Official data"
"QC","Crops","159","Nigeria","5510","Production","27","Rice, paddy","1990","1990","tonnes","2500000","","Official data"
"QC","Crops","159","Nigeria","5510","Production","836","Rubber, natural","1990","1990","tonnes","147000","","Official data"
"QC","Crops","159","Nigeria","5510","Production","156","Sugar cane","1990","1990","tonnes","920000","","Official data"
"QC","Crops","159","Nigeria","5510","Production","15","Wheat","1990","1990","tonnes","50000","*","Unofficial figure"
"QC","Crops","160","Niue","5510","Production","486","Bananas","1990","1990","tonnes","70","","Official data"
"QC","Crops","162","Norway","5510","Production","15","Wheat","1990","1990","tonnes","223606","","Official data"
"QC","Crops","221","Oman","5510","Production","486","Bananas","1990","1990","tonnes","23500","","Official data"
"QC","Crops","221","Oman","5510","Production","156","Sugar cane","1990","1990","tonnes","","M","Data not available"
"QC","Crops","221","Oman","5510","Production","15","Wheat","1990","1990","tonnes","1190","","Official data"
"QC","Crops","165","Pakistan","5510","Production","486","Bananas","1990","1990","tonnes","201777","","Official data"
"QC","Crops","165","Pakistan","5510","Production","56","Maize","1990","1990","tonnes","1184500","","Official data"
"QC","Crops","165","Pakistan","5510","Production","79","Millet","1990","1990","tonnes","195800","","Official data"
"QC","Crops","165","Pakistan","5510","Production","27","Rice, paddy","1990","1990","tonnes","4891200","","Official data"
"QC","Crops","165","Pakistan","5510","Production","156","Sugar cane","1990","1990","tonnes","35493600","","Official data"
"QC","Crops","165","Pakistan","5510","Production","15","Wheat","1990","1990","tonnes","14315500","","Official data"
"QC","Crops","299","Palestine","5510","Production","486","Bananas","1990","1990","tonnes","","M","Data not available"
"QC","Crops","299","Palestine","5510","Production","15","Wheat","1990","1990","tonnes","","M","Data not available"
"QC","Crops","166","Panama","5510","Production","486","Bananas","1990","1990","tonnes","1177455","","Official data"
"QC","Crops","166","Panama","5510","Production","656","Coffee, green","1990","1990","tonnes","11547","","Official data"
"QC","Crops","166","Panama","5510","Production","56","Maize","1990","1990","tonnes","99284","","Official data"
"QC","Crops","166","Panama","5510","Production","27","Rice, paddy","1990","1990","tonnes","222294","","Official data"
"QC","Crops","166","Panama","5510","Production","156","Sugar cane","1990","1990","tonnes","1297813","","Official data"
"QC","Crops","168","Papua New Guinea","5510","Production","486","Bananas","1990","1990","tonnes","600000","F","FAO estimate"
"QC","Crops","168","Papua New Guinea","5510","Production","656","Coffee, green","1990","1990","tonnes","60000","","Official data"
"QC","Crops","168","Papua New Guinea","5510","Production","56","Maize","1990","1990","tonnes","2500","F","FAO estimate"
"QC","Crops","168","Papua New Guinea","5510","Production","27","Rice, paddy","1990","1990","tonnes","620","*","Unofficial figure"
"QC","Crops","168","Papua New Guinea","5510","Production","836","Rubber, natural","1990","1990","tonnes","3223","","Official data"
"QC","Crops","168","Papua New Guinea","5510","Production","156","Sugar cane","1990","1990","tonnes","250000","F","FAO estimate"
"QC","Crops","169","Paraguay","5510","Production","486","Bananas","1990","1990","tonnes","81365","","Official data"
"QC","Crops","169","Paraguay","5510","Production","656","Coffee, green","1990","1990","tonnes","17576","","Official data"
"QC","Crops","169","Paraguay","5510","Production","56","Maize","1990","1990","tonnes","420019","","Official data"
"QC","Crops","169","Paraguay","5510","Production","27","Rice, paddy","1990","1990","tonnes","85701","","Official data"
"QC","Crops","169","Paraguay","5510","Production","156","Sugar cane","1990","1990","tonnes","2449329","","Official data"
"QC","Crops","169","Paraguay","5510","Production","15","Wheat","1990","1990","tonnes","259337","","Official data"
"QC","Crops","170","Peru","5510","Production","486","Bananas","1990","1990","tonnes","","M","Data not available"
"QC","Crops","170","Peru","5510","Production","656","Coffee, green","1990","1990","tonnes","81142","","Official data"
"QC","Crops","170","Peru","5510","Production","56","Maize","1990","1990","tonnes","631815","","Official data"
"QC","Crops","170","Peru","5510","Production","27","Rice, paddy","1990","1990","tonnes","966101","","Official data"
"QC","Crops","170","Peru","5510","Production","836","Rubber, natural","1990","1990","tonnes","0","","Official data"
"QC","Crops","170","Peru","5510","Production","156","Sugar cane","1990","1990","tonnes","6700000","F","FAO estimate"
"QC","Crops","170","Peru","5510","Production","15","Wheat","1990","1990","tonnes","88487","","Official data"
"QC","Crops","171","Philippines","5510","Production","486","Bananas","1990","1990","tonnes","3539616","","Official data"
"QC","Crops","171","Philippines","5510","Production","656","Coffee, green","1990","1990","tonnes","125659","","Official data"
"QC","Crops","171","Philippines","5510","Production","56","Maize","1990","1990","tonnes","5102000","*","Unofficial figure"
"QC","Crops","171","Philippines","5510","Production","27","Rice, paddy","1990","1990","tonnes","9885000","","Official data"
"QC","Crops","171","Philippines","5510","Production","836","Rubber, natural","1990","1990","tonnes","61179","*","Unofficial figure"
"QC","Crops","171","Philippines","5510","Production","156","Sugar cane","1990","1990","tonnes","25482000","F","FAO estimate"
"QC","Crops","173","Poland","5510","Production","56","Maize","1990","1990","tonnes","289949","","Official data"
"QC","Crops","173","Poland","5510","Production","79","Millet","1990","1990","tonnes","0","","Official data"
"QC","Crops","173","Poland","5510","Production","15","Wheat","1990","1990","tonnes","9025756","","Official data"
"QC","Crops","174","Portugal","5510","Production","486","Bananas","1990","1990","tonnes","45568","","Official data"
"QC","Crops","174","Portugal","5510","Production","56","Maize","1990","1990","tonnes","665560","","Official data"
"QC","Crops","174","Portugal","5510","Production","79","Millet","1990","1990","tonnes","","M","Data not available"
"QC","Crops","174","Portugal","5510","Production","27","Rice, paddy","1990","1990","tonnes","156072","","Official data"
"QC","Crops","174","Portugal","5510","Production","156","Sugar cane","1990","1990","tonnes","3646","","Official data"
"QC","Crops","174","Portugal","5510","Production","15","Wheat","1990","1990","tonnes","297691","","Official data"
"QC","Crops","177","Puerto Rico","5510","Production","486","Bananas","1990","1990","tonnes","66914","","Official data"
"QC","Crops","177","Puerto Rico","5510","Production","656","Coffee, green","1990","1990","tonnes","12927","","Official data"
"QC","Crops","177","Puerto Rico","5510","Production","56","Maize","1990","1990","tonnes","540","F","FAO estimate"
"QC","Crops","177","Puerto Rico","5510","Production","27","Rice, paddy","1990","1990","tonnes","0","","Official data"
"QC","Crops","177","Puerto Rico","5510","Production","156","Sugar cane","1990","1990","tonnes","782840","","Official data"
"QC","Crops","179","Qatar","5510","Production","56","Maize","1990","1990","tonnes","108","","Official data"
"QC","Crops","179","Qatar","5510","Production","15","Wheat","1990","1990","tonnes","637","","Official data"
"QC","Crops","117","Republic of Korea","5510","Production","486","Bananas","1990","1990","tonnes","27345","","Official data"
"QC","Crops","117","Republic of Korea","5510","Production","56","Maize","1990","1990","tonnes","119868","","Official data"
"QC","Crops","117","Republic of Korea","5510","Production","79","Millet","1990","1990","tonnes","3910","","Official data"
"QC","Crops","117","Republic of Korea","5510","Production","27","Rice, paddy","1990","1990","tonnes","7721968","","Official data"
"QC","Crops","117","Republic of Korea","5510","Production","15","Wheat","1990","1990","tonnes","889","","Official data"
"QC","Crops","182","Réunion","5510","Production","486","Bananas","1990","1990","tonnes","3315","","Official data"
"QC","Crops","182","Réunion","5510","Production","56","Maize","1990","1990","tonnes","10430","","Official data"
"QC","Crops","182","Réunion","5510","Production","27","Rice, paddy","1990","1990","tonnes","80","F","FAO estimate"
"QC","Crops","182","Réunion","5510","Production","156","Sugar cane","1990","1990","tonnes","1790152","","Official data"
"QC","Crops","183","Romania","5510","Production","56","Maize","1990","1990","tonnes","6809604","","Official data"
"QC","Crops","183","Romania","5510","Production","27","Rice, paddy","1990","1990","tonnes","66500","","Official data"
"QC","Crops","183","Romania","5510","Production","15","Wheat","1990","1990","tonnes","7289344","","Official data"
"QC","Crops","184","Rwanda","5510","Production","486","Bananas","1990","1990","tonnes","2776770","","Official data"
"QC","Crops","184","Rwanda","5510","Production","656","Coffee, green","1990","1990","tonnes","34680","","Official data"
"QC","Crops","184","Rwanda","5510","Production","56","Maize","1990","1990","tonnes","101000","","Official data"
"QC","Crops","184","Rwanda","5510","Production","79","Millet","1990","1990","tonnes","1000","","Official data"
"QC","Crops","184","Rwanda","5510","Production","27","Rice, paddy","1990","1990","tonnes","9305","","Official data"
"QC","Crops","184","Rwanda","5510","Production","156","Sugar cane","1990","1990","tonnes","35841","","Official data"
"QC","Crops","184","Rwanda","5510","Production","15","Wheat","1990","1990","tonnes","11000","","Official data"
"QC","Crops","188","Saint Kitts and Nevis","5510","Production","156","Sugar cane","1990","1990","tonnes","170000","F","FAO estimate"
"QC","Crops","189","Saint Lucia","5510","Production","486","Bananas","1990","1990","tonnes","160000","F","FAO estimate"
"QC","Crops","189","Saint Lucia","5510","Production","656","Coffee, green","1990","1990","tonnes","","M","Data not available"
"QC","Crops","189","Saint Lucia","5510","Production","56","Maize","1990","1990","tonnes","","M","Data not available"
"QC","Crops","189","Saint Lucia","5510","Production","156","Sugar cane","1990","1990","tonnes","","M","Data not available"
"QC","Crops","191","Saint Vincent and the Grenadines","5510","Production","486","Bananas","1990","1990","tonnes","82725","","Official data"
"QC","Crops","191","Saint Vincent and the Grenadines","5510","Production","656","Coffee, green","1990","1990","tonnes","150","F","FAO estimate"
"QC","Crops","191","Saint Vincent and the Grenadines","5510","Production","56","Maize","1990","1990","tonnes","2500","F","FAO estimate"
"QC","Crops","191","Saint Vincent and the Grenadines","5510","Production","27","Rice, paddy","1990","1990","tonnes","11","","Official data"
"QC","Crops","191","Saint Vincent and the Grenadines","5510","Production","156","Sugar cane","1990","1990","tonnes","24000","F","FAO estimate"
"QC","Crops","244","Samoa","5510","Production","486","Bananas","1990","1990","tonnes","14000","F","FAO estimate"
"QC","Crops","244","Samoa","5510","Production","656","Coffee, green","1990","1990","tonnes","18","F","FAO estimate"
"QC","Crops","244","Samoa","5510","Production","156","Sugar cane","1990","1990","tonnes","14","F","FAO estimate"
"QC","Crops","193","Sao Tome and Principe","5510","Production","486","Bananas","1990","1990","tonnes","7085","","Official data"
"QC","Crops","193","Sao Tome and Principe","5510","Production","656","Coffee, green","1990","1990","tonnes","37","","Official data"
"QC","Crops","193","Sao Tome and Principe","5510","Production","56","Maize","1990","1990","tonnes","2700","","Official data"
"QC","Crops","194","Saudi Arabia","5510","Production","656","Coffee, green","1990","1990","tonnes","0","","Official data"
"QC","Crops","194","Saudi Arabia","5510","Production","56","Maize","1990","1990","tonnes","4257","","Official data"
"QC","Crops","194","Saudi Arabia","5510","Production","79","Millet","1990","1990","tonnes","9340","","Official data"
"QC","Crops","194","Saudi Arabia","5510","Production","27","Rice, paddy","1990","1990","tonnes","0","","Official data"
"QC","Crops","194","Saudi Arabia","5510","Production","15","Wheat","1990","1990","tonnes","3580344","","Official data"
"QC","Crops","195","Senegal","5510","Production","486","Bananas","1990","1990","tonnes","6000","","Official data"
"QC","Crops","195","Senegal","5510","Production","56","Maize","1990","1990","tonnes","133147","","Official data"
"QC","Crops","195","Senegal","5510","Production","79","Millet","1990","1990","tonnes","504801","","Official data"
"QC","Crops","195","Senegal","5510","Production","27","Rice, paddy","1990","1990","tonnes","181119","","Official data"
"QC","Crops","195","Senegal","5510","Production","156","Sugar cane","1990","1990","tonnes","706806","","Official data"
"QC","Crops","196","Seychelles","5510","Production","486","Bananas","1990","1990","tonnes","1600","F","FAO estimate"
"QC","Crops","197","Sierra Leone","5510","Production","656","Coffee, green","1990","1990","tonnes","25800","","Official data"
"QC","Crops","197","Sierra Leone","5510","Production","56","Maize","1990","1990","tonnes","12300","","Official data"
"QC","Crops","197","Sierra Leone","5510","Production","79","Millet","1990","1990","tonnes","23700","","Official data"
"QC","Crops","197","Sierra Leone","5510","Production","27","Rice, paddy","1990","1990","tonnes","503700","","Official data"
"QC","Crops","197","Sierra Leone","5510","Production","156","Sugar cane","1990","1990","tonnes","70000","","Official data"
"QC","Crops","200","Singapore","5510","Production","486","Bananas","1990","1990","tonnes","80","","Official data"
"QC","Crops","200","Singapore","5510","Production","836","Rubber, natural","1990","1990","tonnes","0","","Official data"
"QC","Crops","200","Singapore","5510","Production","156","Sugar cane","1990","1990","tonnes","50","","Official data"
"QC","Crops","25","Solomon Islands","5510","Production","486","Bananas","1990","1990","tonnes","270","F","FAO estimate"
"QC","Crops","25","Solomon Islands","5510","Production","27","Rice, paddy","1990","1990","tonnes","925","Im","FAO data based on imputation methodology"
"QC","Crops","201","Somalia","5510","Production","486","Bananas","1990","1990","tonnes","110000","F","FAO estimate"
"QC","Crops","201","Somalia","5510","Production","56","Maize","1990","1990","tonnes","315000","F","FAO estimate"
"QC","Crops","201","Somalia","5510","Production","27","Rice, paddy","1990","1990","tonnes","15000","F","FAO estimate"
"QC","Crops","201","Somalia","5510","Production","156","Sugar cane","1990","1990","tonnes","240000","F","FAO estimate"
"QC","Crops","201","Somalia","5510","Production","15","Wheat","1990","1990","tonnes","925","F","FAO estimate"
"QC","Crops","202","South Africa","5510","Production","486","Bananas","1990","1990","tonnes","226141","","Official data"
"QC","Crops","202","South Africa","5510","Production","56","Maize","1990","1990","tonnes","9180000","","Official data"
"QC","Crops","202","South Africa","5510","Production","79","Millet","1990","1990","tonnes","11301","Im","FAO data based on imputation methodology"
"QC","Crops","202","South Africa","5510","Production","27","Rice, paddy","1990","1990","tonnes","2260","Im","FAO data based on imputation methodology"
"QC","Crops","202","South Africa","5510","Production","156","Sugar cane","1990","1990","tonnes","18083488","","Official data"
"QC","Crops","202","South Africa","5510","Production","15","Wheat","1990","1990","tonnes","1709000","","Official data"
"QC","Crops","203","Spain","5510","Production","486","Bananas","1990","1990","tonnes","416300","","Official data"
"QC","Crops","203","Spain","5510","Production","656","Coffee, green","1990","1990","tonnes","9","","Official data"
"QC","Crops","203","Spain","5510","Production","56","Maize","1990","1990","tonnes","3041900","","Official data"
"QC","Crops","203","Spain","5510","Production","79","Millet","1990","1990","tonnes","745","","Official data"
"QC","Crops","203","Spain","5510","Production","27","Rice, paddy","1990","1990","tonnes","571330","","Official data"
"QC","Crops","203","Spain","5510","Production","156","Sugar cane","1990","1990","tonnes","171100","","Official data"
"QC","Crops","203","Spain","5510","Production","15","Wheat","1990","1990","tonnes","4773500","","Official data"
"QC","Crops","38","Sri Lanka","5510","Production","656","Coffee, green","1990","1990","tonnes","7567","","Official data"
"QC","Crops","38","Sri Lanka","5510","Production","56","Maize","1990","1990","tonnes","33390","","Official data"
"QC","Crops","38","Sri Lanka","5510","Production","79","Millet","1990","1990","tonnes","7420","","Official data"
"QC","Crops","38","Sri Lanka","5510","Production","27","Rice, paddy","1990","1990","tonnes","2538000","","Official data"
"QC","Crops","38","Sri Lanka","5510","Production","836","Rubber, natural","1990","1990","tonnes","113096","","Official data"
"QC","Crops","38","Sri Lanka","5510","Production","156","Sugar cane","1990","1990","tonnes","820000","F","FAO estimate"
"QC","Crops","206","Sudan (former)","5510","Production","486","Bananas","1990","1990","tonnes","60500","F","FAO estimate"
"QC","Crops","206","Sudan (former)","5510","Production","56","Maize","1990","1990","tonnes","27000","F","FAO estimate"
"QC","Crops","206","Sudan (former)","5510","Production","79","Millet","1990","1990","tonnes","112000","*","Unofficial figure"
"QC","Crops","206","Sudan (former)","5510","Production","27","Rice, paddy","1990","1990","tonnes","1000","","Official data"
"QC","Crops","206","Sudan (former)","5510","Production","156","Sugar cane","1990","1990","tonnes","4222000","","Official data"
"QC","Crops","206","Sudan (former)","5510","Production","15","Wheat","1990","1990","tonnes","409000","","Official data"
"QC","Crops","207","Suriname","5510","Production","486","Bananas","1990","1990","tonnes","47943","","Official data"
"QC","Crops","207","Suriname","5510","Production","656","Coffee, green","1990","1990","tonnes","46","","Official data"
"QC","Crops","207","Suriname","5510","Production","56","Maize","1990","1990","tonnes","274","","Official data"
"QC","Crops","207","Suriname","5510","Production","27","Rice, paddy","1990","1990","tonnes","196010","","Official data"
"QC","Crops","207","Suriname","5510","Production","156","Sugar cane","1990","1990","tonnes","65000","F","FAO estimate"
"QC","Crops","210","Sweden","5510","Production","15","Wheat","1990","1990","tonnes","2242900","","Official data"
"QC","Crops","211","Switzerland","5510","Production","56","Maize","1990","1990","tonnes","232900","","Official data"
"QC","Crops","211","Switzerland","5510","Production","79","Millet","1990","1990","tonnes","","M","Data not available"
"QC","Crops","211","Switzerland","5510","Production","15","Wheat","1990","1990","tonnes","562600","","Official data"
"QC","Crops","212","Syrian Arab Republic","5510","Production","486","Bananas","1990","1990","tonnes","12","F","FAO estimate"
"QC","Crops","212","Syrian Arab Republic","5510","Production","56","Maize","1990","1990","tonnes","180000","","Official data"
"QC","Crops","212","Syrian Arab Republic","5510","Production","79","Millet","1990","1990","tonnes","800","F","FAO estimate"
"QC","Crops","212","Syrian Arab Republic","5510","Production","27","Rice, paddy","1990","1990","tonnes","117","Im","FAO data based on imputation methodology"
"QC","Crops","212","Syrian Arab Republic","5510","Production","156","Sugar cane","1990","1990","tonnes","40","F","FAO estimate"
"QC","Crops","212","Syrian Arab Republic","5510","Production","15","Wheat","1990","1990","tonnes","2070000","","Official data"
"QC","Crops","216","Thailand","5510","Production","486","Bananas","1990","1990","tonnes","1613000","F","FAO estimate"
"QC","Crops","216","Thailand","5510","Production","656","Coffee, green","1990","1990","tonnes","71483","","Official data"
"QC","Crops","216","Thailand","5510","Production","56","Maize","1990","1990","tonnes","3722266","","Official data"
"QC","Crops","216","Thailand","5510","Production","27","Rice, paddy","1990","1990","tonnes","17193216","","Official data"
"QC","Crops","216","Thailand","5510","Production","836","Rubber, natural","1990","1990","tonnes","1418000","","Official data"
"QC","Crops","216","Thailand","5510","Production","156","Sugar cane","1990","1990","tonnes","33561000","","Official data"
"QC","Crops","216","Thailand","5510","Production","15","Wheat","1990","1990","tonnes","458","","Official data"
"QC","Crops","176","Timor-Leste","5510","Production","486","Bananas","1990","1990","tonnes","5600","F","FAO estimate"
"QC","Crops","176","Timor-Leste","5510","Production","656","Coffee, green","1990","1990","tonnes","8631","Im","FAO data based on imputation methodology"
"QC","Crops","176","Timor-Leste","5510","Production","56","Maize","1990","1990","tonnes","86090","","Official data"
"QC","Crops","176","Timor-Leste","5510","Production","27","Rice, paddy","1990","1990","tonnes","46675","","Official data"
"QC","Crops","176","Timor-Leste","5510","Production","836","Rubber, natural","1990","1990","tonnes","0","","Official data"
"QC","Crops","217","Togo","5510","Production","486","Bananas","1990","1990","tonnes","16831","Im","FAO data based on imputation methodology"
"QC","Crops","217","Togo","5510","Production","656","Coffee, green","1990","1990","tonnes","12800","","Official data"
"QC","Crops","217","Togo","5510","Production","56","Maize","1990","1990","tonnes","285448","","Official data"
"QC","Crops","217","Togo","5510","Production","79","Millet","1990","1990","tonnes","57907","","Official data"
"QC","Crops","217","Togo","5510","Production","27","Rice, paddy","1990","1990","tonnes","25149","","Official data"
"QC","Crops","218","Tokelau","5510","Production","486","Bananas","1990","1990","tonnes","14","Im","FAO data based on imputation methodology"
"QC","Crops","219","Tonga","5510","Production","486","Bananas","1990","1990","tonnes","1500","F","FAO estimate"
"QC","Crops","219","Tonga","5510","Production","656","Coffee, green","1990","1990","tonnes","13","Im","FAO data based on imputation methodology"
"QC","Crops","220","Trinidad and Tobago","5510","Production","486","Bananas","1990","1990","tonnes","5871","Im","FAO data based on imputation methodology"
"QC","Crops","220","Trinidad and Tobago","5510","Production","656","Coffee, green","1990","1990","tonnes","1944","","Official data"
"QC","Crops","220","Trinidad and Tobago","5510","Production","56","Maize","1990","1990","tonnes","3381","Im","FAO data based on imputation methodology"
"QC","Crops","220","Trinidad and Tobago","5510","Production","27","Rice, paddy","1990","1990","tonnes","13532","","Official data"
"QC","Crops","220","Trinidad and Tobago","5510","Production","156","Sugar cane","1990","1990","tonnes","1478413","","Official data"
"QC","Crops","222","Tunisia","5510","Production","15","Wheat","1990","1990","tonnes","1122000","","Official data"
"QC","Crops","223","Turkey","5510","Production","486","Bananas","1990","1990","tonnes","36000","","Official data"
"QC","Crops","223","Turkey","5510","Production","56","Maize","1990","1990","tonnes","2100000","","Official data"
"QC","Crops","223","Turkey","5510","Production","79","Millet","1990","1990","tonnes","6200","","Official data"
"QC","Crops","223","Turkey","5510","Production","27","Rice, paddy","1990","1990","tonnes","230000","","Official data"
"QC","Crops","223","Turkey","5510","Production","15","Wheat","1990","1990","tonnes","20022000","","Official data"
"QC","Crops","227","Tuvalu","5510","Production","486","Bananas","1990","1990","tonnes","150","F","FAO estimate"
"QC","Crops","226","Uganda","5510","Production","486","Bananas","1990","1990","tonnes","560000","F","FAO estimate"
"QC","Crops","226","Uganda","5510","Production","656","Coffee, green","1990","1990","tonnes","128747","","Official data"
"QC","Crops","226","Uganda","5510","Production","56","Maize","1990","1990","tonnes","602000","","Official data"
"QC","Crops","226","Uganda","5510","Production","79","Millet","1990","1990","tonnes","560000","","Official data"
"QC","Crops","226","Uganda","5510","Production","27","Rice, paddy","1990","1990","tonnes","54000","","Official data"
"QC","Crops","226","Uganda","5510","Production","156","Sugar cane","1990","1990","tonnes","610000","F","FAO estimate"
"QC","Crops","226","Uganda","5510","Production","15","Wheat","1990","1990","tonnes","4000","","Official data"
"QC","Crops","225","United Arab Emirates","5510","Production","486","Bananas","1990","1990","tonnes","97","","Official data"
"QC","Crops","225","United Arab Emirates","5510","Production","56","Maize","1990","1990","tonnes","0","","Official data"
"QC","Crops","225","United Arab Emirates","5510","Production","15","Wheat","1990","1990","tonnes","2877","","Official data"
"QC","Crops","229","United Kingdom of Great Britain and Northern Ireland","5510","Production","15","Wheat","1990","1990","tonnes","14033000","","Official data"
"QC","Crops","215","United Republic of Tanzania","5510","Production","486","Bananas","1990","1990","tonnes","164500","*","Unofficial figure"
"QC","Crops","215","United Republic of Tanzania","5510","Production","656","Coffee, green","1990","1990","tonnes","53420","","Official data"
"QC","Crops","215","United Republic of Tanzania","5510","Production","56","Maize","1990","1990","tonnes","2445000","","Official data"
"QC","Crops","215","United Republic of Tanzania","5510","Production","79","Millet","1990","1990","tonnes","200000","*","Unofficial figure"
"QC","Crops","215","United Republic of Tanzania","5510","Production","27","Rice, paddy","1990","1990","tonnes","740000","","Official data"
"QC","Crops","215","United Republic of Tanzania","5510","Production","156","Sugar cane","1990","1990","tonnes","1320000","F","FAO estimate"
"QC","Crops","215","United Republic of Tanzania","5510","Production","15","Wheat","1990","1990","tonnes","106000","","Official data"
"QC","Crops","231","United States of America","5510","Production","486","Bananas","1990","1990","tonnes","5126","","Official data"
"QC","Crops","231","United States of America","5510","Production","656","Coffee, green","1990","1990","tonnes","1016","","Official data"
"QC","Crops","231","United States of America","5510","Production","56","Maize","1990","1990","tonnes","201532000","","Official data"
"QC","Crops","231","United States of America","5510","Production","79","Millet","1990","1990","tonnes","180000","F","FAO estimate"
"QC","Crops","231","United States of America","5510","Production","27","Rice, paddy","1990","1990","tonnes","7080000","","Official data"
"QC","Crops","231","United States of America","5510","Production","156","Sugar cane","1990","1990","tonnes","25524000","","Official data"
"QC","Crops","231","United States of America","5510","Production","15","Wheat","1990","1990","tonnes","74294000","","Official data"
"QC","Crops","234","Uruguay","5510","Production","56","Maize","1990","1990","tonnes","112313","","Official data"
"QC","Crops","234","Uruguay","5510","Production","27","Rice, paddy","1990","1990","tonnes","347300","","Official data"
"QC","Crops","234","Uruguay","5510","Production","156","Sugar cane","1990","1990","tonnes","682800","","Official data"
"QC","Crops","234","Uruguay","5510","Production","15","Wheat","1990","1990","tonnes","417400","","Official data"
"QC","Crops","228","USSR","5510","Production","56","Maize","1990","1990","tonnes","9883000","*","Unofficial figure"
"QC","Crops","228","USSR","5510","Production","79","Millet","1990","1990","tonnes","3224000","","Official data"
"QC","Crops","228","USSR","5510","Production","27","Rice, paddy","1990","1990","tonnes","2166400","","Official data"
"QC","Crops","228","USSR","5510","Production","15","Wheat","1990","1990","tonnes","101888496","","Official data"
"QC","Crops","155","Vanuatu","5510","Production","486","Bananas","1990","1990","tonnes","11400","","Official data"
"QC","Crops","155","Vanuatu","5510","Production","656","Coffee, green","1990","1990","tonnes","15","","Official data"
"QC","Crops","155","Vanuatu","5510","Production","56","Maize","1990","1990","tonnes","700","F","FAO estimate"
"QC","Crops","236","Venezuela (Bolivarian Republic of)","5510","Production","486","Bananas","1990","1990","tonnes","1166663","","Official data"
"QC","Crops","236","Venezuela (Bolivarian Republic of)","5510","Production","656","Coffee, green","1990","1990","tonnes","76412","","Official data"
"QC","Crops","236","Venezuela (Bolivarian Republic of)","5510","Production","56","Maize","1990","1990","tonnes","1002485","","Official data"
"QC","Crops","236","Venezuela (Bolivarian Republic of)","5510","Production","27","Rice, paddy","1990","1990","tonnes","495000","","Official data"
"QC","Crops","236","Venezuela (Bolivarian Republic of)","5510","Production","156","Sugar cane","1990","1990","tonnes","6618905","","Official data"
"QC","Crops","236","Venezuela (Bolivarian Republic of)","5510","Production","15","Wheat","1990","1990","tonnes","310","","Official data"
"QC","Crops","237","Viet Nam","5510","Production","486","Bananas","1990","1990","tonnes","1221400","","Official data"
"QC","Crops","237","Viet Nam","5510","Production","656","Coffee, green","1990","1990","tonnes","92000","","Official data"
"QC","Crops","237","Viet Nam","5510","Production","56","Maize","1990","1990","tonnes","671000","","Official data"
"QC","Crops","237","Viet Nam","5510","Production","79","Millet","1990","1990","tonnes","","M","Data not available"
"QC","Crops","237","Viet Nam","5510","Production","27","Rice, paddy","1990","1990","tonnes","19225104","","Official data"
"QC","Crops","237","Viet Nam","5510","Production","836","Rubber, natural","1990","1990","tonnes","57939","","Official data"
"QC","Crops","237","Viet Nam","5510","Production","156","Sugar cane","1990","1990","tonnes","5405600","","Official data"
"QC","Crops","249","Yemen","5510","Production","486","Bananas","1990","1990","tonnes","50104","","Official data"
"QC","Crops","249","Yemen","5510","Production","656","Coffee, green","1990","1990","tonnes","7411","","Official data"
"QC","Crops","249","Yemen","5510","Production","56","Maize","1990","1990","tonnes","65639","","Official data"
"QC","Crops","249","Yemen","5510","Production","79","Millet","1990","1990","tonnes","50063","","Official data"
"QC","Crops","249","Yemen","5510","Production","156","Sugar cane","1990","1990","tonnes","0","","Official data"
"QC","Crops","249","Yemen","5510","Production","15","Wheat","1990","1990","tonnes","154937","","Official data"
"QC","Crops","248","Yugoslav SFR","5510","Production","56","Maize","1990","1990","tonnes","6723975","","Official data"
"QC","Crops","248","Yugoslav SFR","5510","Production","79","Millet","1990","1990","tonnes","1837","","Official data"
"QC","Crops","248","Yugoslav SFR","5510","Production","27","Rice, paddy","1990","1990","tonnes","27586","","Official data"
"QC","Crops","248","Yugoslav SFR","5510","Production","15","Wheat","1990","1990","tonnes","6358604","","Official data"
"QC","Crops","251","Zambia","5510","Production","486","Bananas","1990","1990","tonnes","664","Im","FAO data based on imputation methodology"
"QC","Crops","251","Zambia","5510","Production","656","Coffee, green","1990","1990","tonnes","1380","*","Unofficial figure"
"QC","Crops","251","Zambia","5510","Production","56","Maize","1990","1990","tonnes","1092671","","Official data"
"QC","Crops","251","Zambia","5510","Production","79","Millet","1990","1990","tonnes","31531","","Official data"
"QC","Crops","251","Zambia","5510","Production","27","Rice, paddy","1990","1990","tonnes","9213","","Official data"
"QC","Crops","251","Zambia","5510","Production","156","Sugar cane","1990","1990","tonnes","1126540","","Official data"
"QC","Crops","251","Zambia","5510","Production","15","Wheat","1990","1990","tonnes","55011","","Official data"
"QC","Crops","181","Zimbabwe","5510","Production","486","Bananas","1990","1990","tonnes","78000","F","FAO estimate"
"QC","Crops","181","Zimbabwe","5510","Production","656","Coffee, green","1990","1990","tonnes","13569","","Official data"
"QC","Crops","181","Zimbabwe","5510","Production","56","Maize","1990","1990","tonnes","1971542","","Official data"
"QC","Crops","181","Zimbabwe","5510","Production","79","Millet","1990","1990","tonnes","142710","","Official data"
"QC","Crops","181","Zimbabwe","5510","Production","27","Rice, paddy","1990","1990","tonnes","468","","Official data"
"QC","Crops","181","Zimbabwe","5510","Production","156","Sugar cane","1990","1990","tonnes","3092890","","Official data"
"QC","Crops","181","Zimbabwe","5510","Production","15","Wheat","1990","1990","tonnes","325983","","Official data"
